{
    "rmse": 0.7407940762501116,
    "mae": 0.5969041502002266,
    "r2": 0.16025869464721476
}