{
    "rmse": 0.7577176433321685,
    "mae": 0.6132953729723282,
    "r2": 0.12145236529945169
}